0,'Es lunes','Luis Pozo',imgExample,'El primer día de la semana',1571644770574,'Este es el articulo, meto unas "," para ver si funciona Okayy.'
0,'Es lunes','Luis Pozo',imgExample,'El primer día de la semana',1571644771321,'Este es el articulo, meto unas "," para ver si funciona Okayy.'
0,'Title','Luis',imgExample,'Headline',1571649781559,'Article'
0,'Title','Luis',imgExample,'Headline',1571650859562,'Lorem ipsum dolor sit amet, consectetur adipiscing elit, sed do eiusmod tempor incididunt ut labore et dolore magna aliqua. Nunc mattis enim ut tellus elementum sagittis vitae et leo. Ultrices mi tempus imperdiet nulla malesuada. Tellus mauris a diam maecenas sed enim ut. In ornare quam viverra orci sagittis eu. Nunc lobortis mattis aliquam faucibus purus in massa tempor nec. A cras semper auctor neque vitae tempus quam. Felis eget nunc lobortis mattis aliquam faucibus purus. Risus pretium quam vulputate dignissim suspendisse in est ante. Ut tristique et egestas quis ipsum suspendisse. Lorem donec massa sapien faucibus et molestie. Ut placerat orci nulla pellentesque dignissim.

Sem integer vitae justo eget magna fermentum iaculis eu. Lorem mollis aliquam ut porttitor leo a diam sollicitudin tempor. Ut etiam sit amet nisl purus in mollis nunc sed. Scelerisque in dictum non consectetur a. Sit amet risus nullam eget felis. Sed odio morbi quis commodo. Ac orci phasellus egestas tellus rutrum tellus pellentesque eu tincidunt. Facilisi cras fermentum odio eu feugiat pretium nibh ipsum consequat. Mauris a diam maecenas sed. Dolor sed viverra ipsum nunc aliquet. Volutpat sed cras ornare arcu dui vivamus. Nisi quis eleifend quam adipiscing vitae proin sagittis nisl. Amet massa vitae tortor condimentum. Sed sed risus pretium quam vulputate dignissim. Consectetur adipiscing elit ut aliquam purus sit amet luctus venenatis. Elit ullamcorper dignissim cras tincidunt lobortis feugiat. Mi tempus imperdiet nulla malesuada pellentesque elit eget. Dignissim cras tincidunt lobortis feugiat vivamus. Phasellus egestas tellus rutrum tellus. Mauris pharetra et ultrices neque ornare aenean.

Libero nunc consequat interdum varius sit. Sed nisi lacus sed viverra tellus in hac habitasse platea. Gravida cum sociis natoque penatibus. Aliquet nibh praesent tristique magna sit. Nec feugiat nisl pretium fusce id. Laoreet suspendisse interdum consectetur libero id faucibus nisl tincidunt eget. Pulvinar pellentesque habitant morbi tristique senectus. Ullamcorper velit sed ullamcorper morbi tincidunt ornare massa eget egestas. Velit laoreet id donec ultrices tincidunt arcu non. Sed sed risus pretium quam vulputate dignissim suspendisse in est. Nisl pretium fusce id velit ut tortor.

At ultrices mi tempus imperdiet. Mauris in aliquam sem fringilla ut morbi tincidunt augue. Pellentesque habitant morbi tristique senectus et netus. Molestie a iaculis at erat pellentesque. Blandit aliquam etiam erat velit. Tincidunt ornare massa eget egestas. Vitae elementum curabitur vitae nunc sed velit. Velit scelerisque in dictum non consectetur a erat. Lectus arcu bibendum at varius. Vel eros donec ac odio tempor orci. Orci porta non pulvinar neque laoreet. Leo vel fringilla est ullamcorper eget nulla. Lacus vel facilisis volutpat est velit egestas dui id. Velit aliquet sagittis id consectetur. Sit amet tellus cras adipiscing enim eu turpis egestas pretium. Ultricies leo integer malesuada nunc. Dictumst vestibulum rhoncus est pellentesque. Purus sit amet volutpat consequat mauris nunc. Non diam phasellus vestibulum lorem sed risus ultricies tristique nulla.

Pulvinar neque laoreet suspendisse interdum consectetur libero id faucibus nisl. Pellentesque id nibh tortor id aliquet. Amet nulla facilisi morbi tempus iaculis urna id volutpat. Quis eleifend quam adipiscing vitae proin sagittis nisl rhoncus mattis. Netus et malesuada fames ac. Adipiscing bibendum est ultricies integer quis auctor elit sed. Netus et malesuada fames ac turpis egestas. Adipiscing elit ut aliquam purus sit. Porttitor leo a diam sollicitudin tempor id eu nisl. Ultricies mi quis hendrerit dolor magna eget est.'
0,'Title','Luis',imgExample,'Headline',1571651267030,'Article'
0,'Title','Luis',imgExample,'Headline',1571651281959,'Article'
$2b$10$Umn69RIOjIf2Cyrx2k1YSeqekNYXPeXFIDFUZ6cmZyuQX5fPPbcna,'Title','Luis',imgExample,'Headline',1571662061508,'Article'
$2b$10$JucKzGSuCWNXmqizWhKBxeqHnPILxoVf0O2vYRuO4Y.kHTYd8J1LW,'Title','Luis',imgExample,'Headline',1571662128510,'Article'
$2b$10$6qRzdbltkr0tjDuwulUYu.9ATpb17jd/5WIhnohmuOR.QAq9Os13q,'Title','Luis',imgExample,'Headline',1571662189408,'Article'
$2b$10$uFKxc6Igx2MeJ2pfdudrSe3F9o.AX2WoDY0MS2wJD/4iyjk8hPOuC,'Title','Luis',imgExample,'Headline',1571662274207,'Article'
$2b$10$nP3nf6QTHy/ql1e9zgG49.7tgcSn47YOAFYs45195tvQsK1nuTpHG,'Title','Luis',imgExample,'Headline',1571662300798,'Article'
$2b$10$wwbbIZR/JBuC15HAiq5hKuE/gpo3jthfQ19.Vc2VQQMh1SL7Xp31O,'TITULO DE LA NOTICIA','Jorge',imgExample,'CABECERA DE LA NOTICIA',1571662366924,'Article'
