Proyecto,Estado,Descripcion,Pagina web
RELIANCE,Activo,"RELIANCE aims at providing user communities in the area of Earth Sciences with support for the management of Research Objects where Data Cubes are a core part of the experiments, and integrate results with EOSC. Our group is focusing on the development of the metadata models for Data Cubes and Research Objects, and on including new functionalities based on the analysis of scientific texts in this area, together with other members of the consortium",https://www.reliance-project.eu/
RedTematicaOpenScience,Activo,"En esta red temática participan varios grupos de investigación e instituciones españolas interesados en el desarrollo de la Ciencia Abierta, compartiendo experiencias y ayudando a definir la estrategia para la adopción de políticas de Ciencia Abierta en España",https://www.e-ciencia.es/
theyBuyForYou,Completado,"Procurement managers, whether accountable to taxpayers or company boards, need novel decision-making tools that can tackle the complexities of modern supply chains and business transactions, while leveraging the large amounts of data and advanced analytics capabilities available. TheyBuyForYou project will deliver these tools, alongside enabling technologies and data to make procurement across the EU more efficient, competitive, accountable, and fair. By using transparency data on government procurement, enriched and integrated with other open PSI sources, and processed and analysed using cutting-edge data science methods, we will shed light on the opportunities and challenges faced by all direct stakeholders in taking more informed and effective decisions. This includes not just governmental agencies assessing purchasing options, but also companies exploring new business contracts, and other parties (such as journalists, researchers, local communities, business associations, transparency activists, and individual citizens) interested in gaining a better understanding of the intricacies of the public procurement landscape. By delivering an open-source platform and APIs which can be used to implement a wide range of procurement business cases, we help procurement service providers and IT companies operating in this space innovate – they can build upon TheyBuyForYou technology and our procurement knowledge graph to deliver bespoke commercial products and services. Our first objective will be to build a technology platform, consisting of a set of modular, Web-based services and APIs to publish, curate, integrate, analyse, and visualize a comprehensive, cross-border and cross-lingual procurement knowledge graph, including public spending and corporate data from multiple sources across the EU. Our second objective will be to support the realisation of the four innovation scenarios just discussed, through a series of an online toolkit and a public portal which allows suppliers, buyers, data journalists, data analysts, control authorities and regular citizens to explore and understand how public procurement decisions affect economic development, efficiencies, competitiveness and supply chains. For private buyers looking to overhaul their procurement and purchasing decisions, we will deliver vendor intelligence solutions with advanced analytics capabilities around risk monitoring, collusive tendering, and bespoke decision support. Finally, our third objective will be about validation in the procurement market. Our technical vision will be implemented in three business cases, targeting the main customer segments in procurement. Two business cases will be with public administrations at the national and local levels in Spain and Slovenia, demonstrating how the new data value chains can make processes more efficient, while in the same time fostering economic development and restoring fairness and true competition in the supply market. The third business case will result in a new commercial product, developed by Cerved, for decision makers in procurement and supplier management.",http://theybuyforyou.eu/
CLARITY,Completado,"El Proyecto CLARITY da soporte a los estados miembros de la nión Europea en su búsqueda de una mayor confianza, transparencia y eficiencia dentro de sus iniciativas abiertas de eGovernment.",http://clarity-csa.eu/
STARS4ALL,Completado,"STARS4ALL aims at representing this right of “stars for all the citizens”. Our objective is to encourage citizens to care and preserve the darkness of european skies beyond 2015, the International Year of the Light. Actions and Events: STARS4ALL will be open to everyone to stay updated, get active in initiatives and games and to create initiatives with own ideas. STARS4ALL will develop a lighting quality lable, collect ideas for more advanced lighting guidelines and support the development of sustainable lighting concepts. Quality lables will help to maximize the social and economic benefits of artificial light at night, while minimizing its negative and unintended environmental and health impacts by awarding institutions for their activities to protect natural nightscapes and the night sky. Citizen sensing and gamification: STARS4ALL will develop and create games for citizen actions for different environments. Measure light pollution with a mobile photosensor! Your action will be fun and your data usable for science and citizen actions worldwide. Measure light pollution with a mobile photosensor. Your action will be fun and your data usable for science and citizen actions worldwide. Collective awareness: STARS4ALL users will be able to: • Collaborate among them and take collective decisions • Generate citizen actions • Fund light pollution initiatives, using a crowdfunding platforms • Have access to data from different sources like sensors, mobiles and social networks • Collaborate tagging, curating and validating results • Have access to encapsulate results A live dashboard will be available to provide to the STARS4ALL community a set of intuitive, easy-to-use online tools, providing the users with the necessary management data, such as user statistics (e.g. number of actively participating citizens, their geographic spread, top contributors, etc.) and project progress (e.g. number of data records gathered and validated, etc.). Periodically reports will be generated, based on these data, for being used in various communication channels for the use of citizens to local administrations. Community awareness: STARS4ALL news and events will be available by Facebook, Twitter, and Pinterest or channels such as YouTube and Flickr. Join the STARS4ALL community! Wait for our press releases, launching of LPIs, games hits, broadcasting of astronomical events, public talks and much more…",http://www.stars4all.eu/
SlideWiki,Completado,"The SlideWiki project aims to exploit the wisdom, creativity and productivity of the crowd for the creation of qualitative, rich, engaging educational content. With SlideWiki users can create and collaborate on slides, diagrams, assessments and arrange this content in richly-structured course presentations. SlideWiki empowers communities of educators to author, share and re-use sophisticated educational content in a truly collaborative way. Existing presentations can be imported and transformed into interactive courses using HTML and LaTeX. All content in SlideWiki is versioned thereby allowing users to revise, adapt and re-mix all content. Self-test questions can be attached to each individual slide and are aggregated on the presentation level into comprehensive self-assessment tests. Users can create their own presentation themes. Slidewiki supports the semi-automatic translation of courses in more than 50 languages.",http://www.slidewiki.org/
MobileAge,Completado,"El Proyecto ""Mobile Age"" asegura la inclusión de las personas mayores en el uso de los servicios públicos digitales mediante el desarrollo de aplicaciones móviles usables basadas en los datos abiertos de la Administración Pública. Por lo tanto, se fomenta su acceso a la participación ciudadana, el envejecimiento activo y su implicación en su comunidad. Este proyecto también incrementará la transparencia y la confianza en la Administración Pública a través del intercambio y la reutilización de la información pública involucrando activamente a las personas mayores con el fin de entender los beneficios que les reportan los datos abiertos y las tecnologías móviles. Tales aplicaciones móviles se probarán en los talleres de co-creación que se realizarán en cuatro ciudades piloto de Europa: Reino Unido, Alemania, España y Grecia.",http://www.mobile-age.eu/
esTextAnalytics,Completado,"esTextAnalytics, Servicios de Text Analytics para la explotación comercial de la DBpedia del español (esDBpedia), es un proyecto financiado por el MINECO (Agencia Estatal de Investigación) y co-financiado por FEDER · Fondo Europeo de Desarrollo Regional mediante el Programa Estatal de I+D+i Orientada a los Retos de la Sociedad (Convocatoria Retos—Colaboración 2016). El proyecto esTextAnalytics propone el desarrollo de servicios de Text Analytics en la Nube, mediante el uso de procesamiento del lenguaje natural (NLP) y tecnologías semánticas de anotación y desambiguación, y con la utilización de esDBpedia como base de conocimiento, mejorada con la incorporación de mecanismos automáticos de diagnóstico, reparación y actualización de conocimiento erróneo, así como la gestión de automática de licencias para la incorporación de conocimiento externo propietario.",
TransformingTransport,Completado,"TransformingTransport is an EU-funded project the represents a strong consortium of 47 leading transport, logistics and information technology stakeholders in Europe. Big Data will have a profound economic and societal impact in the mobility and logistics sector, which is one of the most-used industries in the world contributing to approximately 15% of GDP. Big Data is expected to lead to 500 billion USD in value worldwide in the form of time and fuel savings, and savings of 380 megatons CO2 in mobility and logistics. With freight transport activities projected to increase by 40 % in 2030, transforming the current mobility and logistics processes to become significantly more efficient, will have a profound impact. A 10% efficiency improvement may lead to EU cost savings of EUR 100 billion. Despite these promises, interestingly only 19 % of EU mobility and logistics companies employ Big Data solutions as part of value creation and business processes. The TransformingTransport project will demonstrate, in a realistic, measurable, and replicable way the transformations that Big Data will bring to the mobility and logistics market. To this end, TransformingTransport, validates the technical and economic viability of Big Data to reshape transport processes and services to significantly increase operational efficiency, deliver improved customer experience, and foster new business models. TransformingTransport will address seven pilot domains of major importance for the mobility and logistics sector in Europe: Smart High-ways Sustainable Vehicle Fleets Proactive Rail Infrastructures Ports as Intelligent Logistics Hubs Efficient Air Transport Multi-modal Urban Mobility Dynamic Supply Chains The TransformingTransport consortium combines knowledge and solutions of major European ICT and Big Data technology providers together with the competence and experience of key European industry players in the mobility and logistics domain.",
OASIS,Completado,"El proyecto OASIS está financiado por el programa CEF-Telecom. En él participan instituciones de Bélgica (Open Knowledge Belgium, Stad Gent, iMEC y V-ICT-OR) y España (Ontology Engineering Group – UPM – y Consorcio Regional de Transportes de Madrid – CRTM–). El proyecto se centra en la apertura y reutilización de datos en el ámbito de los servicios públicos ofrecidos por entidades locales y en el sector del transporte público. Para ello, se trabajará en el uso y extensión de estándares europeos y resultados de iniciativas nacionales, regionales o locales, en ambos sectores. En el ámbito de los servicios públicos se trabajará con vocabularios como CPSV (Core Public Service Vocabulary) para la provisión de datos estructurados sobre los servicios públicos ofrecidos por las entidades locales. Y en el ámbito del transporte público se trabajará con formatos de datos y vocabularios como GTFS, Linked GTFS, Linked Connections o la W3C Semantic Sensor Network Ontology, entre otros, para la representación de datos asociados a distintos aspectos del transporte público. En todos los casos se generarán datos abiertos siguiendo el paradigma de los datos enlazados, para facilitar su reutilización por otras organizaciones, y se generarán guías de buenas prácticas en su publicación y uso. Por último y durante las Open Summer Code (2017 y 2018), que tendrán lugar en Bélgica, se hará uso de los citados conjuntos de datos para crear aplicaciones que mejoren numerosos aspectos relacionados con servicios públicos y la movilidad mediante transporte público.",https://oasis.team/
VICINITY,Completado,"The lack of interoperability is considered as the most important barrier to achieve the global integration of IoT ecosystems across borders of different disciplines, vendors and standards. Indeed, the current IoT landscape consists of a large set of isolated islands that do not constitute a real internet, preventing the exploitation of the huge potential expected by ICT visionaries. VICINITY will build and demonstrate a device and standard agnostic platform for IoT infrastructures that will offer ""Interoperability as a Service"". It will rely on a decentralised and user-centric approach that offer a complete transparency across vertical domains while retaining full control of the ownership and distribution of data. The primary aim of the VICINITY project is to provide the owners of connected IoT infrastructures with a decentralized interoperability. The concept of decentralism is expressed by the fact that the platform includes neither central operator roles, nor central databases to store sensitive data about users. Instead of that, it connects different smart objects into a “social network” called virtual neighbourhood where infrastructure owners keep under control their shared devices and data thanks to web based operator console called VICINITY neighbourhood manager (VNM). Guest IoT infrastructures, VICINITY enabled services as well as the VICINITY auto-discovery space are connected to a VICINITY interoperability gateway using the same VICINITY gateway API.",http://www.vicinity-h2020.eu/vicinity/
ReTeLe,Completado,"ReTeLe es una red nacional de excelencia que coordina un plan de trabajo sobre la investigación de métodos para acelerar la producción y de recursos lingüísticos abiertos en los cuatro idiomas oficiales en España, así como garantizar su disponibilidad y difusión mediante su publicación en la nube de  datos abiertos enlazados. ",http://retele.linkeddata.es/
DrInventor,Completado,"Scientific creativity and innovation represent the beating heart of European growth at a time of rapid technological change. Dr Inventor is built on the vision that technologies have great potential to supplement human ingenuity in science by overcoming the limitations that people suffer in pursuing scientific discovery. It presents an original system that will provide inspiration for scientific creativity by utilising the rich presence of web-based research resources. Dr Inventor will act as a personal research assistant, utilising machine-empowered search and computation to bring researchers extended perspectives for scientific innovation by informing them of a broad spectrum of relevant research concepts and approaches, by assessing the novelty of research ideas, and by offering suggestions of new concepts and workflows with unexpected features for new scientific discovery. Dr Inventor is an attempt to understand the potential of technology in the scientific creative process within current technology limitations. It represents a sound balance between scientific insight into individual scientific creative processes and technical implementation using innovative technologies in information extraction, document summarization, semantics and visual analytics. The outcomes will be integrated into a web-based system that will allow evaluation in a selected research area under real-world settings with carefully designed metrics, benchmarks and baseline for creative performance, leading to tangible measurements on the performance of the technologies in enhancing human creativity and a blueprint for future technologies in computational creativity. Dr Inventor has huge implications for scientific innovation in Europe, as it has the potential to change the way in which scientific research is undertaken. The acceptance of the system by general research communities will open opportunities for many industrial sectors, leading to reinforced leadership of European industry.",
LIDER,Completado,"The project’s mission is to provide the basis for the creation of a Linguistic Linked Data cloud that can support content analytics tasks of unstructured multilingual cross-media content. By achieving this goal, LIDER will impact on the ease and efficiency with which Linguistic Linked Data will be exploited in content analytics processes.",http://www.lider-project.eu/
Wf4Ever,Completado,"Wf4Ever propondrá una arquitectura software y una implementación de referencia para la conservación, recuperación y reutilización eficiente de flujos de trabajo científicos (scientific workflows), abordando algunos de los mayores retos de la Ciencia intensiva en datos (data-intensive Science): (a) El estudio de los objetos de investigación (Research Objects) que forman parte de los flujos de trabajo o que están fuertemente relacionados con ellos. Esto incluye también aspectos relacionados con la procedencia (provenance) de sus ejecuciones. (b) El desarrollo de herramientas que den soporte al acceso, manipulación, distribución, reutilización y evolución de estos objetos de investigación. (c) El soporte a la gestión integral del ciclo de vida de los flujos de trabajo y de sus materiales asociados.  La implementación de Wf4Ever se basará en una de las plataformas de soporte a flujos de trabajo científicos más ampliamente utilizadas (myExperiment), extendiéndola con funcionalidades relacionadas con la gestión y conservación de estos objetos de investigación relacionados con los flujos de trabajo científicos, con el soporte a la colaboración e intercambio de estos objetos, y con mecanismos para asegurar el mantenimiento de la integridad y la autenticidad de los flujos de trabajo. Wf4Ever aplicará todos estos resultados científicos y tecnológicos en el contexto de dos dominios científicos caracterizados por el uso de flujos de trabajo científicos:Astronomía, como un servicio web, una disciplina rica de datos y metadatos, que está empezando a desarrollarse como un enfoque orientado a un flujo de trabajo, por lo que la Preservación se puede tener en cuenta desde el principio. Se presentarán varios flujos de trabajo diferentes, que también representan diferentes desafíos desde el punto de vista de la conservación. Genómica, una disciplina que requiere el acceso y la integración de diversos formatos de datos ricos en metadatos. El enorme volumen de producción de datos ya necesita enfoques estandarizados para la conservación de los datos, métodos experimentales, y los metadatos. Las herramientas Wf4Ever se emplearán para preservar y reproducir flujos de trabajo de apoyo a estudios de enfermedades humanas, lo que demuestra la reutilización del conocimiento entre los estudios de enfermedades. Se proporciona una descripción más detallada de este proyecto en el sitio web del proyecto. Rol del OEG en Wf4Ever: UPM liderará un paquete de trabajo sobre la evolución, intercambio y colaboración de flujos de trabajo, cuyo objetivo principal es proporcionar los medios adecuados para maximizar la participación y la reutilización de los Objetos de Investigación conservados, mientras se da soporte a su evolución y versionado y se facilitar la colaboración entre los científicos. Esto permitirá superar el limitado soporte colaborativo para el intercambio y reutilización de flujos de trabajo que existe en la mayoría de los sistemas actuales de gestión de flujos de trabajo y repositorios. Para lograr este objetivo, UPM explotará las características sociales que surgen de las redes sociales y las complementará con modelos formales, mientras se tiene en cuenta la evolución de Objetos de Investigación en el centro de los modelos propuestos.",http://www.wf4ever-project.org/
PlanetData,Completado,"PlanetData es una red de excelencia cuyo objetivo es establecer una comunidad europea sostenible de investigadores que apoyen a las organizaciones en la publicación de sus datos en  nuevas y útiles formas, aumentando la habilidad de las organizaciones de dar sentido a las enormes cantidades de datos publicados online de forma continua, incluyendo datos estructurados y no estructurados, flujos de datos, (micro) entradas del blog, archivos digitales, recursos de e-Ciencia, conjuntos de datos  del sector público, y datos enlazados de “la nube”. La investigación se centra en una serie de retos clave que deben abordarse para la exposición real de los datos en una forma servible a gran escala. Ofreceremos representaciones del tipo flujo de datos, y técnicas escalables para integrar, publicar y acceder a tales recursos de datos en la Web. Definiremos las mejores prácticas para captar el contexto en que los datos se producen y tienen sentido - incluyendo procedencia, y su espacio, tiempo y características sociales - como medio para aumentar la eficacia del tratamiento de los datos y de las técnicas de recuperación. Se proporcionarán técnicas para evaluar la calidad de los datos, registrar, preservar, y, cuando sea posible, mejorarla a través de técnicas de reparación, durante el procesamiento. Por último, con el fin de atraer la exposición de ciertos tipos de conjuntos de datos valiosos, es necesario tener en cuenta debidamente las preocupaciones de su propietario para mantener un grado de control de acceso y respeto a la privacidad, sin obstaculizar el uso no discutible de los datos. Rol de la UPM en el proyecto.: UPM participa en el hilo de trabajo sobre flujos y dinamismo de datos, la exploración de los principales retos asociados con el dinamismo de las fuentes de datos a gran escala, con un enfoque especial en los flujos de datos procedentes de fuentes como el news feeds o de fuentes continuas tales como redes de sensores. En este sentido, el trabajo estará conducido por la UPM en la anotación de las fuentes de transmisión de datos con el fin de facilitar el procesamiento, la minería, y la fusión de dichos recursos, y en el modelado, integración y adaptación a las fuentes de datos desconocidas y cambiantes.",http://www.planet-data.eu/
CIUDAD2020,Completado,"CIUDAD2020 es un proyecto Innpronta que pretende lograr un avance en las áreas de eficiencia energética, Internet del futuro, Internet de las cosas, comportamiento humano, sostenibilidad medioambiental y movilidad y transporte, con el objetivo de diseñar la ciudad del futuro, sostenible, inteligente y eficiente.  Por ello, CIUDAD2020 concibe, diseña e implementa un nuevo paradigma de ciudad sostenible y eficiente sustentada sobre tres ejes fundamentales: Energía,Transporte, Control medioambiental. CIUDAD2020 logrará los objetivos 20-20-20: Reducción de un 20% de emisiones, producción de un 20% de energía renovable y mejora de un 20% de la eficiencia energética. Para ello, se postula al Internet del Futuro como el elemento habilitador básico capaz de estimular las sinergias entre los ejes antes citados así como la interacción con los ciudadanos haciendo que CIUDAD2020 se convierta en un modelo de referencia hacia el que toda ciudad deba evolucionar si se quiere alcanzar los cánones de calidad de vida, eficiencia y sostenibilidad que deben imperar en las urbes del siglo XXI. A tal fin, se ha conformado un consorcio de empresas y OPIS con gran experiencia a nivel nacional e internacional que asegura la proyección de los resultados obtenidos durante la ejecución de la propuesta. Rol de la UPM en el proyecto: El Ontology Engineering Group participa en este proyecto a través de los siguientes casos de uso:1 . Información sobre consumo de energía para “facility managers” de empresas: se proporcionarán medios para la transformación y publicación de datos sobre consumo energético en edificios para empresas, ayuntamientos y particulares. Estos datos serán publicados utilizando estándares de la Web de Linked Data, y ontologías que se desarrollarán con el espíritu de ser consensuadas por un amplio sector de “stakeholders”, incluida la Comisión Europea. 2. Información sobre localización de bicicletas de los servicios de alquiler de bicicletas de la ciudad: Se trabajará para proporcionar Linked Data sobre bicicletas y los puntos de alquiler en todo momento, utilizando técnicas utilizadas en el streaming de datos para la identificación de URIs. Asimismo, se desarrollará alguna aplicación sencilla para mostrar cómo se pueden utilizar estos datos. Esta aplicación hará también uso de datos meteorológicos, y sobre eventos de la ciudad, que pueden tener un impacto en la disponibilidad de bicicletas.3. Información sobre estaciones meteorológicas y de contaminación en las ciudades: Se proporcionará una manera de publicar datos de las estaciones meteorológicas de la AEMET de una forma continuada y actualizada frecuentemente (mejorando así el trabajo ya realizado previamente en http://aemet.linkeddata.es/), y de completar esta información con los datos procedentes de las estaciones meteorológicas de las ciudades que se unan a este caso de estudio (por ejemplo, Zaragoza, Santander a través de su iniciativa SmartSantander, etc.). Se acordarán ontologías para representar estos datos, que adaptarán la SSN Ontology desarrollada por la W3C, y se proporcionarán herramientas de visualización de los datos para los ciudadanos o para ciudadanos científicos. Esto se completará con posibles datos extraídos de fuentes como Pachube.",
BabelData,Completado,"BabelData desarrollará métodos, técnicas y algoritmos para la construcción de servicios que sean capaces de crear y utilizar ontologías y datos multilingües. En la Web Semántica del futuro, la multilingualidad se presenta como uno de los grandes retos a abordar. A pesar de que el problema del procesamiento del conocimiento se ha considerado independiente de cualquier lenguaje natural, la interacción entre los humanos y las máquinas sigue siendo dependiente de la lengua. La lengua es la forma de que disponemos los humanos para comunicarnos sobre hechos o datos, y ésta comunicación la hacemos preferentemente en nuestra propia lengua. Por todo ello, en la Web Semántica del futuro el acceso a datos semánticamente estructurados y a datos enlazados (Linked Data) debería hacerse en un entorno multilingüe. Para lograr los objetivos del proyecto, se trabajará en los siguientes aspectos: Localización automática de ontologías, Mappings multilingües entre ontologías en distintas lenguas, Modelos, métodos, técnicas y herramientas para la generación de Linked Data multilingüe, Servicios para la integración de ontologías multilingües y Linked Data multilingüe",
READY4SmartCities,Completado,"The READY4SmartCities project intends to increase awareness and interoperability for the adoption of ICT and semantic technologies in energy system to obtain a reduction of energy consumption and CO2 emission at smart cities communities level through innovative relying on RTD and innovation outcomes and ICT-based solutions. The goal is to support: A new energy data ecosystem that will accommodate cross-domain data (climatic, occupation, pollution, traffic, activity, etc.) and will allow the exploitation of such data at global scale; by identifying the set of ontologies relevant to energy-efficiency in Smart Cities and the different requirements and guidelines on how to use (publish and interchange) data described according to those ontologies. A holistic and shared vision, allowing feasible step-by-step action plans for city authorities and other relevant stakeholder groups to develop and use ICT-based solutions for energy system in urban and rural communities towards future Smart Cities, and thus, leading to reduced energy consumption and CO2 emissions. Smart city ontology catalogue (http://smartcity.linkeddata.es/)",http://www.ready4smartcities.eu/
myBigData,Completado,"En este proyecto se creará una plataforma que integrará nuevos métodos, técnicas y herramientas para permitir la integración de fuentes de datos heterogéneas de carácter científico mediante el uso de ontologías, partiendo de los avances realizados en las últimas dos décadas en esta área e incorporando nuevos tipos de fuentes de datos procedentes de redes sociales de investigadores, de la Web de Linked Data, y de redes de sensores. El proyecto se basará en los avances que está realizando el grupo de investigación en las siguientes áreas de investigación básica, proporcionando métodos, técnicas y herramientas para: El acceso basado en ontologías a fuentes de datos disponibles como streams de datos, procedentes o no de redes de sensores, y para la realización de consultas dentro de la red en el caso de redes de sensores; La caracterización de fuentes de datos desconocidas a priori a partir de la información disponible sobre otras fuentes de datos relacionadas; La extracción de conocimientos a partir de folksonomías disponibles en redes sociales, y su integración con otras fuentes de conocimentos; La planificación de consultas a fuentes de datos distribuidas basada en criterios de calidad, de la información (por ejemplo, provenance) y del servicio (por ejemplo, coste de acceso) proporcionado por las fuentes de información.; La distribución y optimización de consultas a fuentes de datos RDF distribuidas, disponibles como puntos de acceso SPARQL (SPARQL endpoints).; La publicación de datos integrados como Linked Data de calidad.Y todos estos avances individuales se integrarán en un único modelo de integración de datos que permita el acceso y la integración de todos estos tipos de fuentes de manera independiente de dominio, y que será demostrado a través de una plataforma centrada en usuarios que integre todos estos servicios.",
ALM iStack,Completado,"The goal of this project is to develop an open source Application Lifecycle Management platform that automates and supports the whole software development lifecycle by integrating the best existing open source tools. In the following image, you can have a look on the architecture application:https://oeg.fi.upm.es/images/stories/arch-almistack.png",
SemsorGrid4Env,Completado,"El objetivo principal del proyecto SemsorGrid4Env es de especificar, diseñar, implementar, evaluar y desplegar una plataforma y arquitectura orientada-a-servicios que permita desarrollar aplicaciones sobre redes de sensores para gestión ambiental a gran escala y utilizando tecnología semántica. Tal plataforma y arquitectura permitirá el desarrollo rápido de aplicaciones ligeras (e.g. mashups) que requieran datos en tiempo real provenientes de redes de sensores heterogéneas, haciendo posible su uso para otros fines aparte de los originalmente concebidos (reduciendo de este modo el costo de despliegue de redes de sensores) y combinando datos en tiempo real con datos históricos de otras fuentes, abriendo posibilidades de mejorar procedimientos de toma de decisiones en una variedad de situaciones (emergencias, monitoreo, etc.). Rol de la UPM en SemSorGrid4Env: UPM actúa como coordinador de este proyecto. Además está invloucrada en el desarrollo de ontologías para crear descripciones semánticas de redes de sensores y otros tipos de fuentes de datos, y la información que proveen. Este trabajo está alineado con el del grupo W3C sobre redes de sensores semánticas (W3C incubator in Semantic Sensor Netwoks), en el que UPM participa y varias ontologías están siendo generadas como resultado, cubriendo aspectos relativos a descripciones genéricas de estas fuentes de datos y a la selección de ontologías de dominio para los casos de uso de SSG4Env en prevención de incendios y alertas de riesgo de incendios. Finalmente, UPM también trabaja en extender SPARQL, el lenguaje R2O y la tecnología ODEMapster (ver detalles) para procesar fuentes de datos contínuas provenientes de redes de sensores, permitiendo la ejecución de consultas SPARQLstr, que son traducidas en el lenguaje de consultas SNEEql y convertidas luego en código ejecutable en los nodos de una red de sensores.",http://www.semsorgrid4env.eu/
Anotación de fichas técnicas con SNOMED-CT,Completado,"La anotación de fichas técnicas de medicamentos con SNOMED-CT es un proyecto de colaboración con la Agencia Española de Medicamentos y Productos Sanitarios (AEMPS). El objetivo global del proyecto es desarrollar un sistema capaz de extraer las enfermedades de las indicaciones terapéuticas de las fichas técnicas de medicamentos (enfermedades para las que el medicamento ha sido prescrito) y buscar la correspondencia (mapping) con la terminología médica SNOMED-CT. La anotación de enfermedades mediante el proceso de mapping con SNOMED-CT permitirá la representación del contenido de las fichas técnicas para su interpretación automática e inequívoca entre sistemas distintos, de forma precisa y en diferentes idiomas, facilitando así el uso de la información relevante para la toma de decisiones clínicas.",
DynaLearn,Completado,"El conocimiento conceptual sobre el comportamiento de los sistemas es crucial para que la sociedad comprenda e interactúe mejor con su entorno. La adquisición de dicho conocimiento es un aspecto valioso de la educación científica. DynaLearn (entorno de aprendizaje interactivo para el conocimiento conceptual de sistemas) tiene como objetivo apoyar la adquisición del conocimiento conceptual en el contexto del aprendizaje de las ciencias medioambientales, mediante la combinación de: Técnicas de razonamiento cualitativo, Técnicas semánticas, Animación de personajes virtuales. Se utilizan representaciones gráficas para que los alumnos articulen, analicen y comuniquen ideas, y por lo tanto construyan su conocimiento conceptual.(https://oeg.fi.upm.es/images/stories/tecnologias/dynalearn-diag.png). Se utilizan técnicas de ontology mapping (mapeo entre ontologías) para identificar y poner en relación a diferente estudiantes que trabajen en ideas similares, proporcionando oportunidades de aprendizaje individualizadas y beneficios mutuos.(https://oeg.fi.upm.es/images/stories/tecnologias/dynalearn-mapp.png). Se utilizarán personajes virtuales para hacer la interacción atractiva y motivadora. Rol de la UPM en DynaLearn: UPM participa en todas las actividades relacionadas con las tecnologías semánticas dentro del sistema DynaLearn. En concreto, hay tres tareas principales en que la semántica desempeña un papel importante: Grounding. Los usuarios elegirán la terminología involucradas en su modelo de vocabularios bien formados (ontologías), para facilitar su interoperabilidad, así como para la facilitar la creación de un conocimiento común de dominio.; Feedback (realimentación) basado en ontologías. Validación de modelos mediante el estudio de su similitud con ciertos modelos estándar (mediante técnicas de ontolgy mapping).; Recomendación. El filtrado colaborativo para la obtención de recomendaciones subjetivas basadas en la comunidad de usuarios; así como recomendaciones basadas en las propiedades del modelo desde un punto de vista estructural y objetivo.",http://hcs.science.uva.nl/projects/DynaLearn
OTALEX,Completado,"OTALEX está financiado por el programa europeo INTERREGIII A y tiene marcado como objetivo estudiar y mostrar la realidad de un territorio, compuesto por las regiones del Alentejo en Portugal y Extremadura en España, separado convencionalmente por una frontera administrativa pero unido por sus características físicas, ambientales, sociales y económicas. Se trata de espacios rurales de baja densidad demográfica donde los recursos naturales, culturales y la calidad ambiental conforman sus atractivos fundamentales. Este proyecto (OTALEX) es el resultado del esfuerzo, el compromiso y la colaboración entre instituciones a los dos lados de la frontera, con implicación de los tres niveles administrativos: Estatal, Regional y Local. Rol de la UPM en OTALEX: El Ontology Engineering Group participa en este proyecto generando y publicando datos vinculados (Linked Data) del observatorio OTALEX-C del Programa  POCTEP (Programa Operativo de Cooperación Transfronteriza España-Portugal) 2007-2013 para el Centro Nacional de Información Geográfica.",
SEALS,Completado,"El objetivo del proyecto SEALS es el de crear una infraestructura independiente, abierta, escalable, ampliable y sostenible, la plataforma SEALS, que permita la evaluación remota  de aplicaciones basadas en tecnología semántica. Esta plataforma permitirá a los investigadores, desarrolladores y usuarios la efectiva y objetiva comparación de aplicaciones basadas en esta tecnología. La plataforma SEALS integrará un conjunto de servicios y datos de test para la evaluación de aplicaciones semánticas que se emplearan en dos campañas mundiales de evaluación. El resultado de estas campañas nos ayudará a determinar conjuntos de herramientas compatibles para el desarrollo de nuevas aplicaciones basadas en esta tecnología. Inicialmente se consideraran cinco tipos diferentes de aplicaciones semánticas: herramientas para el diseño de ontologías, sistemas para el almacenamiento y razonamiento de datos semánticos, sistemas para alinear ontologías heterogéneas, herramientas para la búsqueda semántica y aplicaciones para el desarrollo y explotación de servicios web semánticos.  La plataforma SEALS ofrecerá un acceso sencillo y gratuito a los resultados públicos de las evaluacion es ejecutadas. Rol de la UPM en SEALS: UPM es el coordinador del proyecto y por tanto, responsable de liderar las áreas de gestión y administración que demande el proyecto. UPM además lidera el desarrollo de la plataforma SEALS donde somos responsables de la implementación de los dos componentes principales. Nuestras contribuciones también son relevantes en la organización de las dos campañas de evaluación y en el diseño de las evaluaciones que se emplearan en dichas campañas.",
MONNET,Completado,"Monnet (Ontologías multilingüe para una red de conocimiento) tiene como objeto proporcionar una solución basada en semántica para garantizar el acceso a la información más allá de las barreras lingüísticas. El acceso multilingüe a la información está siendo cada vez más demandado en el sector de la industria y las instituciones gubernamentales, como se ejemplifica en los casos de uso de Monnet. Una estrategia clave para hacer frente a este reto consiste en gestionar la información a nivel semántico, es decir, abstrayéndonos de la forma y el lenguaje para conseguir una mejor i) integración, ii) agregación, iii) consulta y iv) presentación de la información, sin importar el lenguaje en que esté expresado. La arquitectura prevista en Monnet consta de los siguientes módulos o componentes: módulo de Localización de Ontologías, módulo de Extracción de Información basada en Ontologías Multilingües, y módulo de Acceso Multilingüe al conocimiento y Presentación de la información. Las hipótesis centrales de la arquitectura son que i) los datos de los casos de uso y la información pertinente estarán disponibles en varias lenguas y formatos, como por ejemplo, bases de datos, documentos  Web, Wikipedia, Linked Data o datos enlazados, etc; ii) el conocimiento de los casos de uso, es decir, la semántica del dominio, estarán modelados en una ontología que se formalizará mediante el uso de un lenguaje de representación de ontologías como RDF/S o OWL, y especificará cuáles son los conceptos (clases, propiedades, relaciones) de importancia para el dominio de los casos de uso.",http://cordis.europa.eu/fp7/ict/language-technologies/project-monnet_en.html
ADMIRE,Completado,"ADMIRE (Advanced Data Mining and Integration Research for Europe) está motivado por la dificultad de extraer información significativa realizando minería de datos combinaciones de múltiples recursos heterogéneos y distribuidos. El proyecto propone una arquitectura para la minería de datos a  y la integración, que se centra en separar aquello que está relacionado con los expertos en la materia, los expertos en análisis de datos y uso intensivo de datos técnicos, un lenguaje (DISPEL) que puede ser utilizado para expresar los flujos de trabajo de minería de datos y la integración a través de los perfiles de usuario, y las herramientas necesarias y las plataformas para utilizar este lenguaje de acuerdo a la arquitectura. https://oeg.fi.upm.es/www.admire-project.eu/docs/ADMIRE-factsheet.pdf   Rol del OEG en ADMIRE: La UPM ha participado en la creación de ontologías para crear descripciones semánticas de las fuentes de datos y procesos intensivos, y en proporcionar tecnologías que hacen uso de las descripciones semánticas a fin de apoyar los procesos de uso intensivo de datos, es decir, un registro semántico que contiene descripciones de los elementos de proceso, funciones y tipos. Esto incluye la generación de ontologías sobre la minería de datos y de tipos de datos de uso común en aplicaciones de minería de datos, junto con la prestación de un RDF-enabled OGSA-DAI-compliant registry que es capaz de manejar las solicitudes SPARQL sobre los elementos de procesamiento intensivo de datos disponibles en la plataforma y proporcionar funcionalidades con valor añadido tales como el hallazgo de elementos de procesamiento que pueden reemplazar a los existentes en el uso intensivo de datos de flujos de trabajo.",http://www.admire-project.eu/
SCALUS,Completado,"La investigación sobre sistemas de almacenamiento está adquiriendo cada vez más importancia debido principalmente a la enorme demanda de capacidad de almacenamiento y rendimiento de E/S de los actuales sistemas de computación. En los últimos años, varias tendencias han cambiado el diseño de los sistemas de almacenamiento, desde nuevos medios de almacenamiento sobre redes de área de almacenamiento, hasta sistemas de almacenamiento grid y cloud. Adicionalmente, para decrementar el coste de los sistemas de almacenamiento, éstos se construyen cada vez más a partir del ensamblaje de commodity components. Por tanto, estamos en medio de una evolución hacia una nueva arquitectura de almacenamiento desarrollada a partir de commodity components descentralizados con mayores capacidades de procesamiento y comunicación, lo que requiere la introducción de nuevos conceptos surgidos a partir de esta nueva arquitectura. El consorcio de esta Marie Curie Initial Training Network (MCITN) ""SCALing by means of Ubiquitous Storage (SCALUS)"" tiene como principal objetivo mejorar e innovar la educación, la investigación y el desarrollo de los sistemas de almacenamiento en entornos de tipo cluster, grid y cloud. La visión de esta MCITN es sentar las bases de los sistemas de almacenamiento ubicuos, que pueden escalar en diferentes direcciones (capacidad, rendimiento, distancia, seguridad).Dar soluciones al problema del almacenamiento ubicuo se convertirá en una importante demanda para el futuro de los sistemas IT y el liderazgo en esta área puede tener un impacto significativo en la competitividad europea en tecnologías IT. Para lograr este liderazgo, es necesario invertir en educación e investigación en almacenamiento y  cerrar la brecha actual existente entre el almacenamiento local, almacenamiento cluster, almacenamiento grid, y almacenamiento cloud. El consorcio procederá en esta dirección mediante la creación de una red interdisciplinar de educación e investigación sobre almacenamiento. Esta red está compuesta por algunos de los principales institutos europeos y empresas de almacenamiento y tecnología cluster, creando de este modo un entorno exigente, pero gratificante para jóvenes investigadores. Rol del OEG en SCALUS: La UPM estará involucrada en la co-supervisión de 4 ESRs (Early Stage Researchers) en la consecución de los siguientes trabajos: 
ESR 3: Gestión autónoma de réplicas (Autonomic Replica Management): Caching y replicación son dos conceptos similares que han permanecido tradicionalmente separados en los grandes entornos distribuidos. El objetivo de este trabajo es el uso de caching de cliente (tanto en memoria como en disco) para mejorar la redundancia y el rendimiento. Adicionalmente, la replicación no sólo implica a ficheros de sólo lectura, sino también a ficheros de lectura-escritura. Los estudiantes asignados a este trabajo propondrán mecanismos de distribución y localización de datos que integran tanto caching como replicación de una manera automática e inteligente. Finalmente, es importante que el mecanismo propuesto escale hasta entornos WAN para que permita la cooperación entre recursos.
ESR 11: Gestión autónoma de Data Grid y almacenamiento cloud (Autonomic Management of Data Grids and Cloud Storage): Los data grids y los sistemas de almacenamiento cloud se caracterizan por su complejidad y dinamismo. Por tanto, la gestión de recursos en este tipo de entornos es compleja y las decisiones tomadas en un momento pueden ser contraproducentes poco tiempo después. Conocer el estado futuro del entorno es esencial para implementar políticas adecuadas en cada situación. El estudiante asignado a este trabajo tendrá que desarrollar un sistema de predicción autónomo que permita la gestión mejorada de recursos de almacenamiento en estos entornos.
ESR 12: Sistema de ficheros en Grid de alto rendimiento, seguro y tolerante a fallos (High-performance, Secure and Fault Tolerant Grid File System): La tolerancia a fallos es un tema que no ha sido adecuadamente abordado en los entornos de almacenamiento a gran escala, debido a la complejidad de los mismos. Conocer el comportamiento de estos entornos puede ayudar a prevenir ciertos fallos, lo que redunda en una mejora de la tolerancia a fallos de los mismos. El estudiante asignado a este tema desarrollará estrategias de tolerancia a fallos basándose en el modelado de entornos de almacenamiento a gran escala.
ESR 14: Hacia un sistema de ficheros en ""la nube"" escalable, tolerante a fallos y autoadaptativo (Towards a scalable, fault-tolerant, self-adaptive Cloud file system): Las aplicaciones intensivas de datos ejecutando en infraestructuras cloud requieren ciertas características como la compartición entre máquinas virtuales que mantengan un gran rendimiento bajo una gran demanda de accesos concurrentes. Estas características no las proporcionan soluciones actuales en entornos cloud, como S3. El objetivo de este trabajo es explorar las posibilidades ofrecidas por BlobSeer, una plataforma de compartición de datos genérica y que da soporte a grandes cantidades de datos, como sustrato de almacenamiento para un sistema de ficheros de alto nivel, escalable, tolerante a fallos, adaptativo y optimizado para procesamiento de datos masivo.",http://www.scalus.eu/
WEB n+1,Completado,"La evolución de la Web viene acompañada de la confluencia de tres grandes tendencias sociales y tecnológicas que han posibilitado un punto de inflexión: La Web 2.0 como espacio de colaboración e interacción de los usuarios a través de internet. La distinción entre productores o consumidores de contenido se vuelve difusa y aparece un nuevo término: prosumidor, como mezcla de ambos; La iniciativa de la Web Semántica que establece estándares para la representación de la información como conocimiento y promociona el desarrollo de herramientas para organizar la Web en un gran repositorio formal de contenido y servicios; La proliferación de nuevos dispositivos de acceso a internet convierte su presencia en ubicua y añade la consideración del contexto físico y social del usuario en las aplicaciones. Debido a la confluencia de estas tres iniciativas es necesario impulsar investigaciones que nos permitan gestionar las necesidades estratégicas de los futuros usuarios de la red. El objetivo de este proyecto es el desarrollo de aplicaciones que permitan que los prosumers puedan capturar, gestionar, buscar e interaccionar con contenidos y servicios de forma fácil, segura y personalizada, combinando las herramientas de la Web semántica (Web 1.0) con las tecnologías de la Web social (Web 2.0) sobre la base del nuevo concepto de la Web 3.0. Rol del OEG en Web n+1: La UPM participa como líder del paquete de trabajo PT3 que tiene por objetivo la gestión semántica de contenidos. Las tareas que lidera la UPM son: Sistemas de Extracción Inteligente de conocimiento: comprende la extracción inteligente del conocimiento a partir de los metadatos anotados por los usuarios. Para este fin, se desarrollará un desambiguador de etiquetas, que enlazará cada una de las etiquetas provistas por los usuarios con entidades semánticas de DBPedia; Integración automática de fuentes de datos: comprende la reutilización de contenidos ya existentes con el fin de crear nuevo contenido. Por consiguiente, esta tarea aborda el problema de integración de los distintos contenidos disponibles, que pueden proceder de fuentes heterogéneas. Con este propósito se está desarrollando un componente denominado Semantic Integrator; Monitorización de Usuarios y Trust: Inicialmente esta tarea aborda la documentación de las acciones que los prosumers llevan a cabo durante su interacción con la Webn+1. Para cumplir este objetivo es necesario representar el historial (provenance) de la información generada por los prosumers. En esta tarea se está desarrollando el modelo para representar esta información, que estará basado en estándares. Además se está desarrollando una herramienta que de soporte a la gestión de provenance.",http://www.webenemasuno.es/
NeOn,Completado,"El proyecto NeOn (Lifecycle support for networked ontologies - FP6-027595) tenía como meta avanzar en el estado de la cuestión en Ingeniería Ontológica y en tecnologías Web Semánticas. El objetivo principal era proporcionar soporte efectivo tanto metodológico como tecnológico para el desarrollo de una nueva generación de aplicaciones semánticas que sean capaces de explotar de manera eficiente grandes cantidades de información y datos que están disponibles actualmente en la Web. El proyecto también tenía como meta mejorar la capacidad de manejar múltiples redes de ontologías que existan en un contexto particular, que sean desarrolladas de manera colaborativa, y que podrían ser altamente dinámicas y estar en constante evolución. El proyecto NeOn ha desarrollado tanto el soporte tecnológico, llamado NeOn Toolkit, como la metodología asociada, la Metodología NeOn, para hacer posible el desarrollo de la nueva generación de aplicaciones semánticas complejas. Rol del OEG en NeOn: OEG has sido el líder de la investigación metodológica dentro del proyecto. OEG ha desarrollado el marco de la Metodología NeOn, que está basada en 9 escenarios. OEG también ha creado las guías metodológicas para los siguientes procesos y actividades: Especificación de requisitos de la ontología, Planificación
Reutilización de recursos ontológicos, Reutilización y re-ingeniería de recursos no-ontológicos, incluyendo patrones para re-ingeniería, Localización, incluyendo el modelo LIR, Evolución y el OMV. Además, OEG ha estado involucrado en el desarrollo de diferentes plug-ins para el NeOn Toolkit. Concretamente, OEG ha desarrollado Oyster, LabelTranslator, gOntt, ODEMapster, OWL Doc.  OEG ha estado involucrado en los tres casos de uso del proyecto NeOn, principalmente proporcionando ayuda metodológica durante el desarrollo de las redes de ontologías.",http://www.neon-project.org/
OntoGrid,Completado,"Uno de los mayores desafíos a los que se enfrenta la computación Grid se refiere a la capacidad explícita de compartir e implementar los conocimientos que deben utilizarse para el desarrollo de innovadoras infraestructuras Grid, y para aplicaciones Grid - el Grid Semántico. Para hacer frente a este reto, el proyecto OntoGrid produjo una infraestructura tecnológica para la rápida creación de prototipos y el desarrollo de servicios abiertos distribuidos de alto nivel de conocimientos para el Grid Semántico. Los resultados de este proyecto tuvieron como objetivo el desarrollo de sistemas grid que optimicen la colaboración entre procesos, compañías e industrias, que OntoGrid mostró mediante la adopción de un desarrollo de casos de uso guiado y una estrategia de evaluación basada en dos casos de pruebas de aplicaciones que poseen diferentes, pero estereotipadas, caracterización Grid. Rol de la UPM en OntoGrid: UPM coordinó este proyecto. Además, el papel de UPM en OntoGrid se centró en la provisión de mecanismos de acceso a ontologías RDF(S) que cumple las especificaciones Grid, con el desarrollo de WS-DAIOnt-RDF (S) (enlace), y en la descripción semántica de los servicios Grid con la herramienta  ODESGS (enlace). Además, UPM trabajó con los participantes de los casos de uso  con el fin de proporcionar el apoyo tecnológico adecuado para el desarrollo de sus sistemas. el final report (https://oeg.fi.upm.es/www.ontogrid.eu/ontogrid/download/OntoGrid-FinalPublishableReport.pdf), la publicación del proyecto que apareció en eStrategies, y el site sobre Grid Semántico (http://www.semanticgrid.org/).",http://www.ontogrid.eu/
Knowledge Web,Completado,"Knowledge Web es una Red de Excelencia de 4 años cuyo objetivo principal es dar soporte al proceso de transición de la tecnología ontológica del mundo investigador al industrial. La misión de Knowledge Web es fortalecer la industria europea y los proveedores de servicios en una de las áreas más importantes de la tecnología de la la computación actual: el E-trabajo y E-comercio a través de la Web Semántica. El proyecto concentra sus esfuerzos en el acercamiento de esta tecnología a la industria. Naturalmente, esto incluye esfuerzos investigadores y educativos para asegurar la durabilidad del impacto y el apoyo de la industria. Rol de la UPM en Knowledge Web: Dentro de Knowledge Web, la UPM tiene un papel muy activo, participando en las tres áreas que abarca la Red de Excelencia: Industria, Investigación y Educación. Las tareas principales realizadas por la UPM se enumeran a continuación. Dentro del área de industria, la UPM realiza tareas de benchmarking de la tecnología de la Web Semántica, ha desarrollado un repositorio distribuido de ontologías (Oyster) y una tecnología de portales semánticos (ODESeW) con la que se ha desarrollado el portal de la Red. Dentro del área de investigación, la UPM trabaja en los fundamentos teóricos de la evaluación y el benchmarking de la tecnología de la Web Semántica, proporcionando soporte software a estas actividades (IBSE). Dentro del área de educación, la UPM colabora en la elaboración de los contenidos educativos y es la organizadora local de una escuela de verano anual (Summer School on Ontological Engineering and the Semantic Web). Además, la investigadora principal participa en las labores de gestión de la red, con los papeles de Vicedirector Científico y Gestor de Riesgos.",
mIO!,Completado,"El proyecto mIO! (Tecnologías para prestar servicios en movilidad en el futuro universo inteligente) pretende desarrollar tecnologías que proporcionen servicios ubicuos en entornos inteligentes y que puedan ser adaptados al contexto del usuario. Dichas tecnologías servirán de base para la interacción desde el terminal móvil tanto con (micro)-servicios proporcionados por empresas como (micro)-servicios creados y proporcionados por usuarios en movilidad. De esta manera, el principal objetivo del proyecto mIO! es permitir al usuario interactuar a través de su dispositivo móvil tanto con servicios disponibles como con servicios creados y proporcionados por el mismo. Rol del OEG en mIO!: El OEG está involucrado en el desarrollo de la red de ontologías para modelar el conocimiento sobre el contexto del usuario. Estas ontologías se utilizan para adaptar el comportamiento de un servicio de acuerdo a la situación del usuario. El conocimiento sobre el contexto se refiere tanto al contexto del usuario (localización, temperatura, preferencias, información social, etc.) como al contexto del servicio (disponibilidad, coste, etc.). El OEG también participa en el proyecto proporcionando y revisando los posibles escenarios de uso.",http://www.cenitmio.es/
BUSCAMEDIA,Completado,"BUSCAMEDIA (Hacia una semántica Adaptación de Medios Digitales multirredmultiterminal) tiene como objetivo proporcionar un verdadero motor de búsqueda multimedia semántico, basado en una ontología revolucionaria definida en el proyecto (Ontología M3: multilingüe, multidominio, y multimedia). El motor de búsqueda multimedia semántico se adapta dinámicamente a cualquier red, terminal, contexto y usuario (tanto de usuarios profesionales como usuarios finales). Rol del OEG en BUSCAMEDIA: El OEG está involucrado en el desarrollo de las ontologías que representan la información multimedia, teniendo en cuenta un contexto multilingüe y aplicable a varios dominios. El objetivo es construir una ontología, M3 (multilingüe, multidominio, y multimedia) que será  utilizada por el motor de búsqueda multimedia semántico. Además, el OEG está involucrado en la construcción de ontologías que representan los perfiles de usuario, que podrán utilizarse para personalizar las búsquedas multimedia. Esta personalización debe realizarse en base a las preferencias del usuario, contenido relevante, y el contexto del usuario.",http://www.cenitbuscamedia.es/
Esperonto,Completado,"Esperonto Services (Application Service Provision of Semantic Annotation, Aggregation, Indexing and Routing of Textual, Multimedia, and Multilingual Web Content - IST-2001-34373) tenía como objetivo superar el problema de la sobrecarga de información mediante la adición de significado a la Web, que pueden ser explotadas por los agentes de software para que la gente y las empresas pueden delegar tareas. El objetivo de Esperonto era cerrar la brecha entre el pasado World Wide Web y la Web Semántica, proporcionando un servicio para ""actualizar"" el contenido existente a contenido Web semántica. Las ontologías juegan un papel clave en este esfuerzo, con el objetivo de unificar, enlazar e integrar los contenidos digitales heterogéneos, internacionales y multilingües. Una vez que el contenido de Web Semántica está disponible, el proyecto tenía por objeto explotar este contenido a través de la navegación gráfica innovadora y creación de prototipos distribuidos en servicios de valor añadido. El objetivo principal del proyecto fue diseñar y desarrollar una infraestructura tecnológica para la creación de islas de la Web Semántica. El objetivo general se descompone en varios objetivos concretos y  mensurables: Crear una infraestructura tecnológica basada en ontologías para la gestión de la semántica del contenido, Crear una infraestructura tecnológica que (semi) automáticamente anote el contenido existente con información semántica (metadatos), Crear una infraestructura tecnológica para hacer frente a contenidos multilingües, El diseño y prototipo de una infraestructura tecnológica para almacenar y acceder a contenidos Web Semántica, así como el encaminamiento de las solicitudes de contenido Web Semántica de una manera escalable y descentralizado, Ilustrar el valor añadido de la tecnología de Web Semántica en el desarrollo de tres estudios de caso en la administración pública y  el sector biotecnológico. Rol del OEG en Esperonto: OEG estuvo involucrado en el desarrollo de metodologías, técnicas, herramientas y servicios para reducir la brecha entre la anterior Web y Web Semántica. En concreto, OEG ha participado en la construcción de los siguientes resultados: Las tecnologías y metodologías contenedor para actualizar el contenido de la Web Semántica: R2O R2O y ODEMapster. ODEMapster transforma el contenido de la base de datos en la contenidos de la web semántica(RDF), según las asignaciones especificadas en el lenguaje R2O; ODESWS permite la creación de Servicios Web Semánticos por medio de una interfaz de usuario que se basa en la resolución de problemas por el método de modelado.
El refinamiento de la plataforma de ingeniería ontológica WebODE con servicios de importación y exportación nuevos, control de versiones y servicios de la evolución y más facilidades edición utilizable. Además, incluye los siguientes componentes, que han sido identificados por separado como resultados de Esperonto: un servicio de alineación de ontologías y la evaluación del módulo ODEval.  Además, un módulo de traducción llamado OntoTranslate. El editor de ontologías da apoyo a la traducción de términos de ontología para varios idiomas (Español, Inglés y Alemán) y su interfaz está disponible en estos idiomas. Además, la plataforma permite almacenar y recuperar los términos de la ontología en varios idiomas.
El Semantic Web portal generation system ODESeW..
Además, OEG estuvo involucrado en el desarrollo de ontologías del núcleo para ser utilizado como ontologías de nivel superior, así como las ontologías de dominio de la cultura (arte), organizaciones de financiación y la biotecnología. Ontologías del kernel de tiempo, espacio, unidades de medida y las magnitudes físicas se han desarrollado y están disponibles al público.",
Red Temática de Linked Data,Completado,"En los últimos años, varios grupos de investigación en España han comenzado a trabajar en el área del Linked Data. Estos grupos participan por separado tanto en importantes iniciativas y consorcios europeos, como en colaboraciones con empresas e instituciones nacionales e internacionales. Objetivos: La red temática nacional que se propone está abierta a nuevos miembros y tiene como objetivo principal facilitar el intercambio y transferencia de conocimientos entre grupos de investigación nacionales asociados a Universidades, Centros Tecnológicos y empresas). Asimismo, se intentará incrementar el intercambio y transferencia de conocimientos con investigadores españoles que se encuentran actualmente trabajando en el extranjero en áreas relacionadas. Creemos que fomentando el intercambio y transferencia de conocimientos se conseguirá asimismo aumentar la visibilidad internacional de la investigación española en Linked Data, además de una mayor cohesión interna. Para conseguir este objetivo general se han definido una serie de instrumentos, que se detallan a continuación: Reuniones periódicas de investigación y evangelización, con empresas y administraciones públicas, bajo el formato de voCamps, Linked Data meetups, y desayunos de trabajo; Creación de itinerarios formativos y material educativo (tutoriales on-line, transparencias, etc.); Fomento de la movilidad de los investigadores por el territorio nacional.
",http://red.linkeddata.es/
España Virtual,Completado,"España Virtual es un proyecto de I+D, subvencionado por el CDTI dentro del programa Ingenio 2010, orientado a la definición de la arquitectura, protocolos y estándares del futuro Internet 3D, con un foco especial en lo relativo a visualización 3D, interacción entre usuarios y a la introducción de aspectos semánticos. Este proyecto tiene como objetivo sentar las bases de un futuro ecosistema de contenidos multimedia y servicios interactivos que reúna las tecnologías conocidas como Web 2.0 con los aspectos sociales, semánticos y los geográficos en una nueva generación de herramientas 3D de interacción con el mundo virtual. Rol de la UPM en España Virtual: El Ontology Engineering Group participa en las siguientes líneas de investigación:
Integración de información: La UPM realiza tareas sobre nuevos algoritmos de procesado de información geográfica, comunicación social y colaboración y semántica y Web inteligente. En este contexto las líneas de trabajo están centradas en: Implementar la extensión de un lenguaje de mappings y de su motor de inferencia; Desarrollar técnicas de descubrimiento automático de mappings entre una ontología y diversas fuentes de información, con lo que se pretende alcanzar un proceso de integración semántica de diversas fuentes de conocimiento geoespacial; Generar Linked Data geoespacial a partir de diversas fuentes de información (bases de datos) del Instituto Geográfico Nacional de España (IGN) y del Centro Nacional de Información Geográfica (CNIG). Con esta tarea se ha comenzado a enriquecer la Web de los Datos con datos geoespaciales del territorio nacional español; Desarrollar un sistema capaz de realizar, de manera automática, la descripción sintáctica y la anotación semántica de fuentes de información no semántica ya existentes.
Técnicas semánticas en virtualización: En esta área la UPM se ocupa del desarrollo de un metaplanificador semántico, cuya arquitectura sigue la arquitectura grid semántica de referencia, denominada S-OGSA, y de la construcción de diversas ontologías para dotar a los sistemas de computación de la capacidad de inferir conocimiento. Esta capacidad permitirá tomar decisiones más adecuadas, ya que se pueden llevar a cabo en base a un conocimiento más preciso.
Web Semántica Social (Social Semantic Web): La UPM realiza diversas tareas centradas en: Diseño e implementación de un algoritmo que permita asociar entidades semánticas a etiquetas, mejorando los procesos de recuperación o recomendación de información causados por la carencia de una semántica explícita y formal de las etiquetas generadas en los sistemas de etiquetado social. Este algoritmo puede ser probado en la siguiente dirección; Anotación de diversos recursos disponibles en la Web (textos, imágenes, vídeos, etc.) y enriquecimiento de los resultados anotados con información procedente de fuentes de información semánticas de la Web de los Datos.",http://www.espanavirtual.org/
SEEMP,Completado,"El objetivo del proyecto SEEMP (Single European Employment Market-Place) es diseñar e implementar un prototipo de una arquitectura para servicios de e-Empleo que abarca procesos de negocio y de gobierno, interoperabilidad y reconciliación de perfiles profesionales locales y taxonomías, servicios web semánticos para compartir y acceder a conocimiento. Rol del OEG en SEEMP: El grupo de ingeniería ontológica está involucrada en los aspectos semánticos de la arquitectura. Para este propósito la arquitectura resultante tendrá: una Ontología de Referencia, el componente principal del sistema, que actuará como un lenguaje in la forma de un conjunto controlado de vocabularios para describir la información relativa a ofertas de empleo y CV; un conjunto de ontologías locales, para que cada Agencia de Empleo utilice su propia ontología local, que describe el mercado de trabajo en sus propios términos; un conjunto de correspondencias entre cada ontología local y la ontología de referencia; un conjunto de correspondencias entre los recursos de las Agencias de Empleo y las ontologías locales.",http://www.seemp.org/
Autores 3.0,Completado,"Autores 3.0 (Registro de Propiedad Intelectual Online con Tecnología Semántica) tiene como objetivo investigar y desarrollar sistemas de información para crear un registro online de propiedad intelectual de obras originales basado en tecnología semántica. Este registro (servicio web) proporcionará información sobre los derechos de propiedad intelectual de los contenidos que circulan por Internet y hará posible la creación de una comunidad digital en torno a la creación y difusión de contenidos. Rol de la UPM en AUTORES 3.0: La Universidad Politécnica de Madrid está implicada en el desarrollo de las ontologías para crear descripciones semánticas de la propiedad intelectual de las obras. Estas ontologías tienen en cuenta el tipo de obra, el autor, la jurisdicción donde la obra fue creada y la licencia aplicada a dicha obra (con los derechos que concede y bajo qué requisitos).En conjunto, tres ontologías serán desarrolladas: una ontología básica para proporcionar la información más simple, una completa que tendrá en cuenta toda la propiedad intelectual considerada en este proyecto y, por último, una ontología vertical para describir tesis doctorales.",
Geobuddies,Completado,"En el proyecto GeoBuddies se ha desarrollado una aplicación que proporciona información y servicios geo-espaciales, en cualquier lugar y en cualquier momento, para los peregrinos del Camino de Santiago. La aplicación soporta el acceso y la interacción móvil, dinámica y dependiente de contexto con un conjunto de recursos y servicios, con el soporte de la información proporcionada por el Instituto Geográfico Nacional (IGN). La aplicación está basada en una plataforma (GeoBuddies) que incluye implementaciones de algoritmos para los siguientes aspectos: Integración de información basada en ontologías, que se utiliza para armonizar las bases de datos multilingües y heterogéneas proporcionadas por el IGN; Anotación social de recursos y servicios, que proporciona la información necesaria para derivar comunidades de usuarios; Filtrado colaborativo, que proporciona recomendaciones basadas en comunidades de usuarios; Composición dinámica y ejecución de servicios, que se utilizarán para la creación dinámica y uso de servicios de valor añadido basados en el contexto del usuario; Transferencia y fiabilidad de datos en entornos móviles, que aseguran que los datos que son relevantes para un usuario estén siempre disponibles para los servicios que los utilicen y para los dispositivos móviles que el usuario utiliza.",
Reimdoc,Completado,"El objeto del proyecto Reimdoc (Recuperación e Integración Multilingüe de Documentos Jurídicos) es desarrollo de herramientas que dan soporte al modelado de dentro de los documentos electrónicos, y a la posterior recuperación de información semántica de dichos documentos, teniendo en cuenta las restricciones de acceso al contenido que vaya asociado a los mismos. Se estudiarán las características de la tramitación de los procedimientos jurídicos en la sociedad del conocimiento tomando como referencia ejemplar la tramitación seguida por la escritura pública de compraventa de bienes inmuebles recogida en soporte digital. Rol del OEG en Reimdoc: La UPM estuvo a cargo de: el desarrollo de la ontología de dominio legal español, específicamente dentro el dominio de la compra y venta de bienes inmuebles; la integración del sistema recuperación de información LIQUID y la herramienta de ingeniería ontológica WebODE, teniendo como resultado EgoIR, un sistema de recuperación de información basado en ontologías.",http://reimdoc.atosorigin.es/
UpGrid,Completado,"UpGrid, ""Acceso ubicuo a contenidos de A/V basado en UPnP"",  fue un proyecto financiado por el Programa AVANZA del Ministerio de Industria, Turismo y Comercio durante los años 2008, 2009 y 2010. Ha sido coordinado por Telefónica I+D y han participado iSOCO y el grupo OEG de la Universidad Politécnica de Madrid (UPM). El objetivo de este proyecto fue introducir tecnologías semánticas en los hogares. Antes de este proyecto, los ordenadores de un hogar podían compartir sus archivos multimedia (vídeos, música, fotos) de manera relativamente sencilla. En este proyecto se ampliaron las capacidades de intercambio de archivos, de forma que, indicando nuestras redes sociales, el sistema es capaz de compartir archivos con nuestros familiares y amigos. Además, el sistema permite que los propietarios, o las personas autorizadas, doten de semántica a los archivos. Esta información semántica permite que un usuario pueda realizar consultas en lenguaje natural del tipo ""muéstrame los archivos donde aparece mi sobrino"", o ""reproduce la música que nos gustaba a mi novia y a mí"", en las que se usa la información de la red social, o en las que se mezcla información de la red social con información de los archivos y anotaciones del usuario, como en ""muéstrame los vídeos del verano pasado, de menos de 30 segundos, en los que aparecemos mi novia y yo"".",
Servicios semánticos,Completado,"El objetivo del proyecto ""Servicios Semánticos: Infraestructura tecnológica de servicios semánticos para la web semántica"" era producir una red de servicios semánticos distribuidos e interoperables con los que construir otros más complejos. Estos servicios están disponibles en librerías de servicios Web semánticos, y pueden ser invocados por cualquier otro sistema (portales semánticos, agentes software, etc.). Los avances logrados con este proyecto se enmarcan en los siguientes campos:
Soporte metodológico y tecnológico para la creación de servicios Web semánticos. La arquitectura que da soporte a los servicios semánticos es una arquitectura implementada a través de un ESB con el que se soporta toda la infraestructura necesaria para desplegar e invocar los servicios semánticos.
Interoperabilidad y gestión de portales semánticos mediante el módulo ODESeW External Information Gateway que permite integrar fuentes de información heterogéneas en portales semánticos construidos con ODESeW. Esta tecnología se ha incorporado a los portales semánticos asociados a los siguientes proyectos europeos: Knowledge Web, NeOn, OntoGrid y X-Media.
Desarrollo de una infraestructura en el área de ontologías. En este sentido, dos son los apartados más importantes: los mappings establecidos entre ontologías y los mappings entre ontologías y bases de datos.
Para ello, dentro del primer grupo, se ha creado un servicio de mappings de WebODE para la visualización y edición de mappings.
Dentro del segundo, se cuenta con el lenguaje R2O para establecer mappings entre ontologías y bases de datos de legado y con el motor ODEMapster que permite ejecutarlos, con la finalidad de poblar una ontología (batch process) o de traducir una consulta (on demand).
Mejora de la metodología de desarrollo de ontologías METHONTOLOGY y su adaptación al nuevo paradigma de servicios, en donde se trata de dar apoyo a los aspectos colaborativos del desarrollo de ontologías y a la reutilización de las mismas, así como a la evolución dinámica de las redes de ontologías en entornos distribuidos. Para ello, se han identificado diferentes escenarios y se ha logrado una definición inicial de cada uno de estos escenarios para la construcción de redes de ontologías de forma colaborativa. En este caso se pone especial énfasis en la reutilización, reingeniería y mezcla de diferentes ciclos de vida, según sean las necesidades de un proyecto de ingeniería basado en ontologías.
Migración de la plataforma de WebODE a código abierto, con la ventaja de contar con  una plataforma de desarrollo y gestión de ontologías, WebODE OS, extensible, escalable y de libre distribución. También se dispone de software independiente de la plataforma (Linux y Windows) e independiente del gestor de la base de datos (MySQL y Oracle). Con todo ello, se obtiene un sistema interoperable con las principales herramientas de desarrollo de ontologías y los principales repositorios de ontologías. Los lenguajes de intercambio que se han considerado son los lenguajes recomendados por el W3C, a saber, RDF(S) y OWL. Asimismo, se hizo un análisis de extrayendo esquemas lingüísticos que son la representación de las características sintáctico-semánticas de los componentes de la frase. En consecuencia, se han desarrollado reglas formalizadas como pares ""esquema-acción"".
Identificación de las estructuras de clasificación para el español, de los patrones léxico-semánticos y los objetos metalingüísticos que ayudan en la extracción de la relación SUBCLASE-DE. Se cuenta con reglas basadas en patrones a partir de los identificados para cada lema, y sus variantes. Estos patrones léxico sintácticos pueden consultarse en la librería de patrones léxico sintácticos multilingües del proyecto NeOn.",
SIMON,Completado,"SIMON (http://simon-project.eu/) es un proyecto de carácter demostrativo, comenzado en Enero de 2014, con cuatro pilotos a gran escala en Madrid, Lisboa, Parma y Reading. El proyecto SIMON está orientado a promover la vida independiente y la participación en sociedad de las personas con movilidad reducida. Sus dos objetivos principales son: por un lado, la modernización de tarjetas de aparcamiento, y por otro lado la implementación de una aplicación móvil para dar soporte a ciudadanos con discapacidad en el uso de su tarjeta de estacionamiento y de facilitar el uso del transporte público y privado.
",http://simon-project.eu/
